{"cameraMode":{"drawMode":0,"name":"Shaded","section":"Shading Mode"},"sceneLighting":false,"audioPlay":false,"sceneViewState":{"showFog":true,"showMaterialUpdate":false,"showSkybox":false,"showFlares":true,"showImageEffects":true,"showParticleSystems":true},"in2DMode":false,"pivot":{"x":2.310340642929077,"y":2.1256651878356935,"z":-0.5813857316970825},"rotation":{"x":0.01851651817560196,"y":0.6240192651748657,"z":0.014789063483476639,"w":-0.7810559272766113},"size":5.241659164428711,"orthographic":false}